Full_Name;Login;Password;lastenter;;;
Clareta Hacking;chacking0;4tzqHdkqzo4;02.10.2020;18;;1
Northrop Mably;nmably1;ukM0e6;20.06.2020;19;;2
Fabian Rolf;frolf2;7QpCwac0yi;19.05.2020;20;;3
Lauree Raden;lraden3;5Ydp2mz;22.06.2020;21;;1
Barby Follos;bfollos4;ckmAJPQV;18.03.2020;22;;2
Mile Enterle;menterle5;0PRom6i;04.07.2020;23;;3
Midge Peaker;mpeaker6;0Tc5oRc;09.03.2020;24;;1
Manon Robichon;mrobichon7;LEwEjMlmE5X;31.08.2020;25;;2
Stavro Robken;srobken8;Cbmj3Yi;22.05.2020;26;;3
Bryan Tidmas;btidmas9;dYDHbBQfK;06.06.2020;27;;1
Jeannette Fussie;jfussiea;EGxXuLQ9;21.08.2020;28;;2
Stephen Antonacci;santonaccib;YcXAhY3Pja;10.03.2019;29;;3
Niccolo Bountiff;nbountiffc;5xfyjS9ZULGA;22.01.2020;30;;1
Clemente Benjefield;cbenjefieldd;tQOsP0ei9TuD;07.09.2020;31;;2
Orlan Corbyn;ocorbyne;bG1ZIzwIoU;24.04.2020;32;;3
Coreen Stickins;cstickinsf;QRYADbgNj;20.04.2020;33;;1
Daveta Clarage;dclarageg;Yp59ZIDnWe;06.09.2020;34;;2
Javier McCawley;jmccawleyh;g58zLcmCYON;20.04.2020;18;;3
Daile Band;dbandi;yFAaYuVW;12.02.2019;19;;1
Angil Buttery;abutteryj;ttOFbWWGtD;21.06.2020;20;;2
Kyla Kinman;kkinmank;qUr6fdWP6L5G;11.08.2019;21;;3
Selena Skepper;sskepperl;jHYN0v3;28.04.2020;22;;1
Alyson Yeoland;ayeolandm;QQezRBV9;31.05.2020;23;;2
Claudie Speeding;cspeedingn;UCLYITfw2Vo;15.11.2019;24;;3
Alaric Scarisbrick;ascarisbricko;fzBcv6GbyCp;19.02.2020;25;;1
Marie Thurby;mthurbyp;wg0uIskqei;18.09.2019;26;;2
Cloe Roxbrough;croxbroughq;67CVVym;01.11.2020;27;;3
Pegeen McCotter;pmccotterr;QG5tdzRpGZJ2;22.03.2020;28;;1
Iggie Calleja;icallejas;aeDvZk8o9;19.07.2020;29;;2
Nelle Brosch;nbroscht;DmPJt2;17.12.2019;30;;3
Shae Allsepp;sallseppu;t0ko0854Cpvv;08.09.2020;31;;1
Eldridge Abbatucci;eabbatucciv;gUtNdsDu;29.03.2020;32;;2
Skip Garnham;sgarnhamw;eml6RqbK;29.01.2020;33;;3
Ric Kitchenside;rkitchensidex;xaa7miQ7yB;14.12.2019;34;;1
Urbanus Di Meo;udiy;dHqu78cU6NOP;25.12.2019;18;;2
Monty Beidebeke;mbeidebekez;F5T5spAU9A4O;02.05.2020;19;;3
Byrann Savins;bsavins10;l6sYf29NLN;23.01.2020;20;;1
Sonnie Riby;sriby11;Va34LYqFh;17.06.2020;21;;2
Sherill Birney;sbirney12;Ggygo2ePsETs;27.12.2019;22;;3
Indira Kleanthous;ikleanthous13;3H0GS7a;29.12.2019;23;;1
Maison Skerme;mskerme14;wy1HWA;02.10.2020;24;;2
Hanan Cahey;hcahey15;NSXcG9khd;13.06.2020;25;;3
Tore Rusling;trusling16;abol9dYC8e;19.03.2020;26;;1
Jeddy De Souza;jde17;gK6Hsl8Q;17.10.2019;27;;2
Flossi McLeoid;fmcleoid18;B9zr0N7cJw;26.01.2020;28;;3
Nikoletta Megainey;nmegainey19;gph7QurFf;22.05.2020;29;;1
Adan Bliven;abliven1a;vVxlf94KpeX;17.06.2020;30;;2
Mohandis Rossoni;mrossoni1b;nLXj2lS;16.11.2019;31;;3
Nappie Redington;nredington1c;DCbOb1SX;05.06.2020;32;;1
Lenka Francie;lfrancie1d;DoGeHWuAAM;30.03.2020;33;;2
Ashley Blowin;ablowin1e;aQygVtMjN;24.06.2020;34;;3
Vale Goroni;vgoroni1f;bWr0QU;19.08.2020;18;;1
Suki Grafom;sgrafom1g;JcNcVDAouYzA;17.12.2019;19;;2
Justis Gianneschi;jgianneschi1h;oieX5u3sUfpD;14.03.2020;20;;3
Emilie Collett;ecollett1i;Y0uMyKB0W;10.07.2019;21;;1
Byrom Terrell;bterrell1j;hswseW;25.02.2020;22;;2
Daphne Bifield;dbifield1k;oYAQ4URihIA;29.07.2020;23;;3
Blanca Staig;bstaig1l;MygqEtjMtUbC;19.02.2020;24;;1
Adriaens Kennsley;akennsley1m;CTUdBfJsy6qF;15.07.2020;25;;2
Emlyn Bartak;ebartak1n;y3t4H1;20.12.2019;26;;3
Victoria Willshire;vwillshire1o;VFSLc2t;09.03.2020;27;;1
Egon Savin;esavin1p;axnJY9s;31.01.2020;28;;2
Phillie Elsom;pelsom1q;OXzMECG;01.01.2020;29;;3
Adan Semaine;asemaine1r;MdJRkHor5SP;10.05.2019;30;;1
Constantino Northrop;cnorthrop1s;UIwCvTA7MRS0;10.12.2019;31;;2
Rodie Easson;reasson1t;3J0jgg9RWlXs;14.08.2020;32;;3
Alida Boleyn;aboleyn1u;3q2mQdDRmtr;26.05.2020;33;;1
Hill Scholfield;hscholfield1v;1Pbs3K6qXYB;23.02.2020;34;;2
Cordell Cowpe;ccowpe1w;VHr417Ft0;17.06.2020;18;;3
Alexandro Eldon;aeldon1x;rrywOQRmFKyh;12.04.2019;19;;1
Kayle Collin;kcollin1y;Q0ZV21vew0;30.06.2020;20;;2
Inesita Larkins;ilarkins1z;DEFNpHtU;12.05.2019;21;;3
Waylin Lound;wlound20;a2G4Ihh2o;26.01.2020;22;;1
Mechelle Gillogley;mgillogley21;EjUHfCUFqF;05.01.2020;23;;2
Donal Muccino;dmuccino22;E4okVgx;04.02.2020;24;;3
Joye Leadbetter;jleadbetter23;ZNsaKdgb;05.02.2020;25;;1
Gianina Trump;gtrump24;6XXY7IS26Ci;08.03.2020;26;;2
Read LeEstut;rleestut25;zq3C4rUR;09.11.2020;27;;3
Jill Anscott;janscott26;5maCRrCZLu;28.04.2020;28;;1
Bud Douch;bdouch27;KAkwrli;02.06.2020;29;;2
Cicily Ossenna;cossenna28;vfKJkCeohOzZ;01.06.2020;30;;3
Hew Izzat;hizzat29;Uifdtu;20.01.2020;31;;1
Eddie Gimeno;egimeno2a;oF1hbmKlZ;18.03.2020;32;;2
Sybyl Fierro;sfierro2b;VjUrQ2;22.01.2020;33;;3
Nicol Troup;ntroup2c;KmDDYf1Pu;25.06.2020;34;;1
Bondy Pattenden;bpattenden2d;IOUkHpOn;15.06.2020;18;;2
Angus Cockman;acockman2e;fDKhK7OK;01.06.2020;19;;3
Mord Hanscome;mhanscome2f;xBHzpa7eP0u;07.10.2020;20;;1
Susy Leblanc;sleblanc2g;T2et1U5M;16.06.2020;21;;2
Gerard Ciccoloi;gciccoloi2h;w4dZ3hxiCiAg;02.03.2020;22;;3
Seamus Sayburn;ssayburn2i;1hTM7EVKaS;24.01.2020;23;;1
Washington Gentiry;wgentiry2j;z2X9UH5;04.10.2020;24;;2
Rebekkah Westall;rwestall2k;xLgunbO9x6;02.02.2020;25;;3
Court Kulic;ckulic2l;FLHYRN;26.06.2020;26;;1
Lorilee Roux;lroux2m;98cCxHeeK31;06.12.2020;27;;2
Modestine Rolinson;mrolinson2n;faGzyW8hEca;30.10.2019;28;;3
Shelbi Ellgood;sellgood2o;3do5MME;31.08.2020;29;;1
Barbabra Retchless;bretchless2p;WraGihh;11.09.2019;30;;2
Robinetta Jerzak;rjerzak2q;hAp8jki;12.11.2019;31;;3
Vance Boots;vboots2r;bgJfSDEVEQm6;09.07.2020;32;;1
